Time	FREQUENCY [Hz]	DELTA_FREQUENCY [Hz]	VSPEC1D [m2 s]	THETA1 [degree]	STHETA1 [degree]	VSPEC1D_VEPK [-]	Skewf [-]	Kurtf [-]	DQF [-]	FQF [-]
2020-09-01T00:15:00.000Z	0.025	0.0050	0.000024	313.6	68.4	6.3150E-05	 0.29	1.57	1010000000100000	1
2020-09-01T00:15:00.000Z	0.030	0.0050	0.000077	279.8	62.4	2.0347E-04	 0.18	2.16	1010000000100000	1
2020-09-01T00:15:00.000Z	0.035	0.0050	0.000839	298.1	69.2	2.2205E-03	 0.96	1.95	1010000000100000	1
2020-09-01T00:15:00.000Z	0.040	0.0050	0.002305	  8.4	60.4	6.0968E-03	-0.03	2.75	1010000000100000	1
2020-09-01T00:15:00.000Z	0.045	0.0050	0.001935	 28.1	54.7	5.1180E-03	-3.83	3.53	1010000000100000	1
2020-09-01T00:15:00.000Z	0.050	0.0050	0.001657	  5.6	63.9	4.3831E-03	-1.13	2.24	1010000000100000	1
2020-09-01T00:15:00.000Z	0.055	0.0050	0.000827	  7.0	66.0	2.1875E-03	-1.89	2.12	1010000000100000	1
2020-09-01T00:15:00.000Z	0.060	0.0050	0.000694	 26.7	53.6	1.8363E-03	-1.14	2.40	1010000000100000	1
2020-09-01T00:15:00.000Z	0.065	0.0050	0.000423	104.1	74.4	1.1194E-03	 0.44	1.56	1010000000100000	1
2020-09-01T00:15:00.000Z	0.070	0.0050	0.000791	 38.0	48.1	2.0912E-03	 0.03	4.35	1010000000100000	1
2020-09-01T00:15:00.000Z	0.075	0.0050	0.000571	 28.1	57.7	1.5110E-03	 0.38	3.01	1010000000100000	1
2020-09-01T00:15:00.000Z	0.080	0.0050	0.000560	 19.7	68.9	1.4811E-03	 2.65	2.21	1010000000100000	1
2020-09-01T00:15:00.000Z	0.085	0.0050	0.000560	 18.3	34.9	1.4811E-03	 0.38	7.00	1010000000100000	1
2020-09-01T00:15:00.000Z	0.090	0.0050	0.000484	 29.5	51.5	1.2811E-03	-0.69	3.82	1010000000100000	1
2020-09-01T00:15:00.000Z	0.095	0.0050	0.000320	 12.7	52.9	8.4599E-04	-0.67	2.75	1010000000100000	1
2020-09-01T00:15:00.000Z	0.100	0.0075	0.000413	334.7	66.2	1.0917E-03	-1.61	2.06	1010000000100000	1
2020-09-01T00:15:00.000Z	0.110	0.0100	0.001592	 43.6	58.9	4.2112E-03	 1.60	2.76	1010000000100000	1
2020-09-01T00:15:00.000Z	0.120	0.0100	0.002004	 98.4	65.8	5.3002E-03	 0.15	1.76	1010000000100000	1
2020-09-01T00:15:00.000Z	0.130	0.0100	0.002339	 78.8	67.7	6.1888E-03	 0.76	1.63	1010000000100000	1
2020-09-01T00:15:00.000Z	0.140	0.0100	0.006049	 75.9	48.1	1.6003E-02	 1.23	3.24	1010000000100000	1
2020-09-01T00:15:00.000Z	0.150	0.0100	0.007576	 63.3	47.6	2.0040E-02	 0.99	2.54	1010000000100000	1
2020-09-01T00:15:00.000Z	0.160	0.0100	0.018727	 64.7	31.4	4.9540E-02	 3.01	7.42	1010000000100000	1
2020-09-01T00:15:00.000Z	0.170	0.0100	0.018727	 60.5	33.3	4.9540E-02	 0.73	6.23	1010000000100000	1
2020-09-01T00:15:00.000Z	0.180	0.0100	0.021114	 56.3	35.8	5.5854E-02	-0.43	6.07	1010000000100000	1
2020-09-01T00:15:00.000Z	0.190	0.0100	0.035693	 59.1	40.2	9.4421E-02	-1.75	5.81	1010000000100000	1
2020-09-01T00:15:00.000Z	0.200	0.0100	0.028218	 59.1	48.0	7.4647E-02	-2.40	3.80	1010000000100000	1
2020-09-01T00:15:00.000Z	0.210	0.0100	0.049400	 52.0	40.1	1.3068E-01	-2.85	5.27	1010000000100000	1
2020-09-01T00:15:00.000Z	0.220	0.0100	0.046757	 59.1	49.6	1.2369E-01	-5.28	4.02	1010000000100000	1
2020-09-01T00:15:00.000Z	0.230	0.0100	0.040044	  8.4	69.2	1.0593E-01	-0.24	1.25	1010000000100000	1
2020-09-01T00:15:00.000Z	0.240	0.0100	0.079040	354.4	64.3	2.0909E-01	 0.45	1.47	1010000000100000	1
2020-09-01T00:15:00.000Z	0.250	0.0100	0.095102	357.2	54.3	2.5158E-01	 0.43	1.91	1010000000100000	1
2020-09-01T00:15:00.000Z	0.260	0.0100	0.162378	345.9	53.6	4.2955E-01	 1.43	2.26	1010000000100000	1
2020-09-01T00:15:00.000Z	0.270	0.0100	0.203348	  0.0	51.5	5.3793E-01	 0.68	2.11	1010000000100000	1
2020-09-01T00:15:00.000Z	0.280	0.0100	0.249622	  1.4	41.6	6.6034E-01	 0.62	3.02	1010000000100000	1
2020-09-01T00:15:00.000Z	0.290	0.0100	0.266391	  7.0	38.5	7.0470E-01	-0.55	4.26	1010000000100000	1
2020-09-01T00:15:00.000Z	0.300	0.0100	0.322130	 21.1	37.3	8.5215E-01	-0.83	3.48	1010000000100000	1
2020-09-01T00:15:00.000Z	0.310	0.0100	0.265060	 21.1	38.4	7.0118E-01	-0.44	4.55	1010000000100000	1
2020-09-01T00:15:00.000Z	0.320	0.0100	0.378020	 19.7	25.5	1.0000E+00	-0.62	9.54	1010000000100000	1
2020-09-01T00:15:00.000Z	0.330	0.0100	0.149152	 16.9	38.5	3.9456E-01	-0.52	3.35	1010000000100000	1
2020-09-01T00:15:00.000Z	0.340	0.0100	0.158371	 23.9	37.3	4.1895E-01	-0.39	4.15	1010000000100000	1
2020-09-01T00:15:00.000Z	0.350	0.0100	0.123960	 22.5	40.8	3.2792E-01	-0.11	2.83	1010000000100000	1
2020-09-01T00:15:00.000Z	0.360	0.0100	0.071518	  8.4	45.1	1.8919E-01	-0.16	3.03	1010000000100000	1
2020-09-01T00:15:00.000Z	0.370	0.0100	0.068372	 11.3	41.9	1.8087E-01	-0.08	3.03	1010000000100000	1
2020-09-01T00:15:00.000Z	0.380	0.0100	0.044701	 18.3	43.9	1.1825E-01	-0.01	2.68	1010000000100000	1
2020-09-01T00:15:00.000Z	0.390	0.0100	0.048179	 21.1	43.2	1.2745E-01	 0.17	2.70	1010000000100000	1
2020-09-01T00:15:00.000Z	0.400	0.0100	0.051161	 16.9	34.1	1.3534E-01	 0.26	4.98	1010000000100000	1
2020-09-01T00:15:00.000Z	0.410	0.0100	0.053785	 16.9	38.4	1.4228E-01	-0.66	3.42	1010000000100000	1
2020-09-01T00:15:00.000Z	0.420	0.0100	0.036052	 11.3	42.0	9.5371E-02	 0.69	2.55	1010000000100000	1
2020-09-01T00:15:00.000Z	0.430	0.0100	0.031815	 29.5	44.9	8.4162E-02	-0.76	2.53	1010000000100000	1
2020-09-01T00:15:00.000Z	0.440	0.0100	0.027111	 29.5	50.4	7.1718E-02	-0.78	1.97	1010000000100000	1
2020-09-01T00:15:00.000Z	0.450	0.0100	0.025152	 39.4	40.5	6.6536E-02	-1.48	3.34	1010000000100000	1
2020-09-01T00:15:00.000Z	0.460	0.0100	0.025660	 15.5	46.8	6.7880E-02	-0.56	2.02	1010000000100000	1
2020-09-01T00:15:00.000Z	0.470	0.0100	0.032784	 18.3	42.9	8.6726E-02	 0.17	2.27	1010000000100000	1
2020-09-01T00:15:00.000Z	0.480	0.0100	0.030875	358.6	41.1	8.1676E-02	 1.32	3.51	1010000000100000	1
2020-09-01T00:15:00.000Z	0.490	0.0100	0.028932	 15.5	40.4	7.6536E-02	 0.39	3.22	1010000000100000	1
2020-09-01T00:15:00.000Z	0.500	0.0100	0.026708	 16.9	42.1	7.0652E-02	 0.16	2.98	1010000000100000	1
2020-09-01T00:15:00.000Z	0.510	0.0100	0.023335	 16.9	42.1	6.1730E-02	 0.23	3.08	1010000000100000	1
2020-09-01T00:15:00.000Z	0.520	0.0100	0.017201	 14.1	41.1	4.5503E-02	-0.52	3.81	1010000000100000	1
2020-09-01T00:15:00.000Z	0.530	0.0100	0.023688	 19.7	46.1	6.2663E-02	 0.01	2.66	1010000000100000	1
2020-09-01T00:15:00.000Z	0.540	0.0100	0.015409	 19.7	52.8	4.0762E-02	-0.21	1.98	1010000000100000	1
2020-09-01T00:15:00.000Z	0.550	0.0100	0.015104	 26.7	46.2	3.9956E-02	 0.55	2.35	1010000000100000	1
2020-09-01T00:15:00.000Z	0.560	0.0100	0.011189	 16.9	51.5	2.9599E-02	 0.66	1.95	1010000000100000	1
2020-09-01T00:15:00.000Z	0.570	0.0100	0.017992	 15.5	49.9	4.7595E-02	 0.10	1.84	1010000000100000	1
2020-09-01T00:15:00.000Z	0.580	0.0100	0.014512	 22.5	50.1	3.8390E-02	 0.02	1.90	1010000000100000	1
2020-09-01T00:46:00.000Z	0.025	0.0050	0.000020	 46.4	52.8	4.1910E-05	-1.75	3.16	1010000000100000	1
2020-09-01T00:46:00.000Z	0.030	0.0050	0.000071	 26.7	71.8	1.4998E-04	-0.73	1.64	1010000000100000	1
2020-09-01T00:46:00.000Z	0.035	0.0050	0.000861	358.6	77.2	1.8180E-03	-0.69	1.63	1010000000100000	1
2020-09-01T00:46:00.000Z	0.040	0.0050	0.002328	 28.1	52.0	4.9174E-03	-0.76	2.92	1010000000100000	1
2020-09-01T00:46:00.000Z	0.045	0.0050	0.001089	 26.7	75.1	2.2997E-03	-2.91	1.87	1010000000100000	1
2020-09-01T00:46:00.000Z	0.050	0.0050	0.001412	 39.4	48.6	2.9825E-03	-1.86	4.58	1010000000100000	1
2020-09-01T00:46:00.000Z	0.055	0.0050	0.000522	  1.4	70.6	1.1027E-03	-2.38	2.01	1010000000100000	1
2020-09-01T00:46:00.000Z	0.060	0.0050	0.000586	 60.5	59.5	1.2371E-03	-0.35	2.97	1010000000100000	1
2020-09-01T00:46:00.000Z	0.065	0.0050	0.000571	 11.3	53.6	1.2065E-03	-2.05	3.23	1010000000100000	1
2020-09-01T00:46:00.000Z	0.070	0.0050	0.000928	  7.0	45.7	1.9597E-03	-2.42	4.62	1010000000100000	1
2020-09-01T00:46:00.000Z	0.075	0.0050	0.001234	 22.5	49.0	2.6058E-03	 0.14	4.01	1010000000100000	1
2020-09-01T00:46:00.000Z	0.080	0.0050	0.000286	 45.0	65.7	6.0518E-04	 0.78	2.53	1010000000100000	1
2020-09-01T00:46:00.000Z	0.085	0.0050	0.000445	 18.3	58.2	9.3967E-04	-0.03	2.55	1010000000100000	1
2020-09-01T00:46:00.000Z	0.090	0.0050	0.000267	 39.4	51.0	5.6426E-04	-0.33	3.56	1010000000100000	1
2020-09-01T00:46:00.000Z	0.095	0.0050	0.000660	 12.7	46.7	1.3948E-03	-2.22	3.90	1010000000100000	1
2020-09-01T00:46:00.000Z	0.100	0.0075	0.000432	 45.0	60.2	9.1189E-04	 1.31	2.29	1010000000100000	1
2020-09-01T00:46:00.000Z	0.110	0.0100	0.000705	 35.2	66.1	1.4885E-03	-0.53	2.40	1010000000100000	1
2020-09-01T00:46:00.000Z	0.120	0.0100	0.001840	 43.6	70.7	3.8874E-03	 1.06	1.93	1010000000100000	1
2020-09-01T00:46:00.000Z	0.130	0.0100	0.002678	 63.3	65.9	5.6563E-03	 1.38	2.04	1010000000100000	1
2020-09-01T00:46:00.000Z	0.140	0.0100	0.005339	 50.6	48.9	1.1277E-02	 0.78	3.74	1010000000100000	1
2020-09-01T00:46:00.000Z	0.150	0.0100	0.006488	 60.5	45.2	1.3705E-02	 0.85	2.99	1010000000100000	1
2020-09-01T00:46:00.000Z	0.160	0.0100	0.011704	 70.3	37.8	2.4723E-02	 2.17	5.08	1010000000100000	1
2020-09-01T00:46:00.000Z	0.170	0.0100	0.018448	 70.3	35.9	3.8969E-02	 0.68	5.83	1010000000100000	1
2020-09-01T00:46:00.000Z	0.180	0.0100	0.018821	 67.5	39.6	3.9757E-02	 0.30	4.15	1010000000100000	1
2020-09-01T00:46:00.000Z	0.190	0.0100	0.027798	 54.8	36.5	5.8720E-02	-0.70	5.00	1010000000100000	1
2020-09-01T00:46:00.000Z	0.200	0.0100	0.029516	 52.0	39.2	6.2349E-02	-2.14	4.88	1010000000100000	1
2020-09-01T00:46:00.000Z	0.210	0.0100	0.035161	 53.4	46.0	7.4273E-02	-2.36	3.90	1010000000100000	1
2020-09-01T00:46:00.000Z	0.220	0.0100	0.040852	 15.5	58.1	8.6295E-02	-0.52	1.70	1010000000100000	1
2020-09-01T00:46:00.000Z	0.230	0.0100	0.090916	 32.3	57.1	1.9205E-01	-0.92	1.71	1010000000100000	1
2020-09-01T00:46:00.000Z	0.240	0.0100	0.124580	 11.3	49.7	2.6316E-01	-0.08	1.93	1010000000100000	1
2020-09-01T00:46:00.000Z	0.250	0.0100	0.191509	353.0	47.4	4.0454E-01	 0.31	2.53	1010000000100000	1
2020-09-01T00:46:00.000Z	0.260	0.0100	0.297361	351.6	46.6	6.2814E-01	 0.54	2.29	1010000000100000	1
2020-09-01T00:46:00.000Z	0.270	0.0100	0.294398	358.6	44.9	6.2188E-01	-0.04	2.44	1010000000100000	1
2020-09-01T00:46:00.000Z	0.280	0.0100	0.473400	 21.1	33.6	1.0000E+00	-1.37	5.71	1010000000100000	1
2020-09-01T00:46:00.000Z	0.290	0.0100	0.274501	 12.7	40.5	5.7985E-01	 0.26	3.30	1010000000100000	1
2020-09-01T00:46:00.000Z	0.300	0.0100	0.238641	 14.1	44.8	5.0410E-01	-0.80	3.44	1010000000100000	1
2020-09-01T00:46:00.000Z	0.310	0.0100	0.229282	 25.3	43.1	4.8433E-01	-1.03	3.73	1010000000100000	1
2020-09-01T00:46:00.000Z	0.320	0.0100	0.173288	 21.1	39.3	3.6605E-01	-0.02	4.48	1010000000100000	1
2020-09-01T00:46:00.000Z	0.330	0.0100	0.127728	 21.1	40.6	2.6981E-01	 0.35	4.05	1010000000100000	1
2020-09-01T00:46:00.000Z	0.340	0.0100	0.122109	 30.9	41.9	2.5794E-01	-0.28	2.78	1010000000100000	1
2020-09-01T00:46:00.000Z	0.350	0.0100	0.097999	 14.1	46.3	2.0701E-01	-0.21	2.42	1010000000100000	1
2020-09-01T00:46:00.000Z	0.360	0.0100	0.091371	  7.0	43.4	1.9301E-01	 0.28	2.62	1010000000100000	1
2020-09-01T00:46:00.000Z	0.370	0.0100	0.077088	 19.7	41.0	1.6284E-01	 0.22	3.52	1010000000100000	1
2020-09-01T00:46:00.000Z	0.380	0.0100	0.054867	 26.7	40.2	1.1590E-01	 0.20	3.76	1010000000100000	1
2020-09-01T00:46:00.000Z	0.390	0.0100	0.056822	 23.9	39.7	1.2003E-01	-0.84	3.19	1010000000100000	1
2020-09-01T00:46:00.000Z	0.400	0.0100	0.040043	 29.5	38.6	8.4586E-02	-0.71	4.30	1010000000100000	1
2020-09-01T00:46:00.000Z	0.410	0.0100	0.039447	 28.1	45.5	8.3327E-02	-0.86	3.30	1010000000100000	1
2020-09-01T00:46:00.000Z	0.420	0.0100	0.027247	 23.9	44.9	5.7556E-02	 0.15	2.54	1010000000100000	1
2020-09-01T00:46:00.000Z	0.430	0.0100	0.033783	 19.7	43.0	7.1362E-02	 0.19	2.84	1010000000100000	1
2020-09-01T00:46:00.000Z	0.440	0.0100	0.036964	  9.8	38.2	7.8082E-02	 0.78	3.48	1010000000100000	1
2020-09-01T00:46:00.000Z	0.450	0.0100	0.052718	 19.7	39.2	1.1136E-01	 0.42	3.73	1010000000100000	1
2020-09-01T00:46:00.000Z	0.460	0.0100	0.038090	 23.9	40.5	8.0460E-02	-0.31	3.67	1010000000100000	1
2020-09-01T00:46:00.000Z	0.470	0.0100	0.030264	 32.3	42.0	6.3929E-02	-0.86	3.05	1010000000100000	1
2020-09-01T00:46:00.000Z	0.480	0.0100	0.031030	 18.3	38.7	6.5547E-02	-0.14	3.29	1010000000100000	1
2020-09-01T00:46:00.000Z	0.490	0.0100	0.026048	 21.1	48.1	5.5023E-02	-0.16	2.05	1010000000100000	1
2020-09-01T00:46:00.000Z	0.500	0.0100	0.031342	 15.5	43.6	6.6206E-02	 0.57	2.07	1010000000100000	1
2020-09-01T00:46:00.000Z	0.510	0.0100	0.023218	 36.6	42.5	4.9045E-02	-0.97	2.84	1010000000100000	1
2020-09-01T00:46:00.000Z	0.520	0.0100	0.021649	 19.7	44.3	4.5731E-02	-0.51	2.21	1010000000100000	1
2020-09-01T00:46:00.000Z	0.530	0.0100	0.023926	  9.8	41.1	5.0541E-02	 0.73	2.93	1010000000100000	1
2020-09-01T00:46:00.000Z	0.540	0.0100	0.017548	 19.7	44.8	3.7068E-02	 0.41	2.42	1010000000100000	1
2020-09-01T00:46:00.000Z	0.550	0.0100	0.029223	 15.5	40.2	6.1730E-02	 0.31	3.16	1010000000100000	1
2020-09-01T00:46:00.000Z	0.560	0.0100	0.023569	 23.9	46.6	4.9787E-02	-0.09	2.14	1010000000100000	1
2020-09-01T00:46:00.000Z	0.570	0.0100	0.016609	 18.3	48.8	3.5084E-02	 0.56	2.43	1010000000100000	1
2020-09-01T00:46:00.000Z	0.580	0.0100	0.016038	 33.8	47.6	3.3878E-02	-0.27	2.29	1010000000100000	1
2020-09-01T01:15:00.000Z	0.025	0.0050	0.000045	 43.6	47.9	1.0104E-04	-1.00	4.46	1010000000100000	1
2020-09-01T01:15:00.000Z	0.030	0.0050	0.000184	 36.6	56.4	4.1179E-04	-3.62	3.31	1010000000100000	1
2020-09-01T01:15:00.000Z	0.035	0.0050	0.001197	 33.8	62.4	2.6853E-03	-0.60	2.60	1010000000100000	1
2020-09-01T01:15:00.000Z	0.040	0.0050	0.001484	 57.7	70.8	3.3293E-03	 1.89	2.11	1010000000100000	1
2020-09-01T01:15:00.000Z	0.045	0.0050	0.001665	  7.0	58.3	3.7351E-03	-3.37	2.78	1010000000100000	1
2020-09-01T01:15:00.000Z	0.050	0.0050	0.001015	 40.8	69.9	2.2769E-03	 0.38	1.79	1010000000100000	1
2020-09-01T01:15:00.000Z	0.055	0.0050	0.000650	 39.4	54.7	1.4590E-03	 0.75	2.70	1010000000100000	1
2020-09-01T01:15:00.000Z	0.060	0.0050	0.000571	 46.4	45.1	1.2812E-03	 0.46	4.73	1010000000100000	1
2020-09-01T01:15:00.000Z	0.065	0.0050	0.000723	 36.6	61.2	1.6206E-03	 0.39	2.75	1010000000100000	1
2020-09-01T01:15:00.000Z	0.070	0.0050	0.000586	 36.6	52.3	1.3136E-03	-1.42	3.50	1010000000100000	1
2020-09-01T01:15:00.000Z	0.075	0.0050	0.001122	 28.1	41.2	2.5162E-03	 4.14	5.73	1010000000100000	1
2020-09-01T01:15:00.000Z	0.080	0.0050	0.000430	 12.7	59.2	9.6346E-04	-1.47	2.57	1010000000100000	1
2020-09-01T01:15:00.000Z	0.085	0.0050	0.000294	 22.5	45.9	6.5886E-04	-0.19	3.59	1010000000100000	1
2020-09-01T01:15:00.000Z	0.090	0.0050	0.000463	 33.8	40.3	1.0385E-03	 0.34	5.54	1010000000100000	1
2020-09-01T01:15:00.000Z	0.095	0.0050	0.000644	 30.9	48.2	1.4445E-03	 1.38	4.47	1010000000100000	1
2020-09-01T01:15:00.000Z	0.100	0.0075	0.001246	 35.2	48.8	2.7948E-03	 0.84	4.12	1010000000100000	1
2020-09-01T01:15:00.000Z	0.110	0.0100	0.001051	 26.7	42.2	2.3578E-03	 0.00	5.09	1010000000100000	1
2020-09-01T01:15:00.000Z	0.120	0.0100	0.001887	 38.0	52.7	4.2323E-03	 1.15	3.32	1010000000100000	1
2020-09-01T01:15:00.000Z	0.130	0.0100	0.003525	 36.6	53.5	7.9070E-03	 1.06	3.09	1010000000100000	1
2020-09-01T01:15:00.000Z	0.140	0.0100	0.003725	 45.0	60.4	8.3543E-03	 1.02	2.39	1010000000100000	1
2020-09-01T01:15:00.000Z	0.150	0.0100	0.015332	 60.5	43.8	3.4390E-02	 1.52	3.46	1010000000100000	1
2020-09-01T01:15:00.000Z	0.160	0.0100	0.018727	 66.1	35.9	4.2005E-02	 2.94	6.46	1010000000100000	1
2020-09-01T01:15:00.000Z	0.170	0.0100	0.011646	 66.1	41.7	2.6122E-02	 1.00	4.06	1010000000100000	1
2020-09-01T01:15:00.000Z	0.180	0.0100	0.020388	 63.3	37.8	4.5730E-02	 0.99	5.91	1010000000100000	1
2020-09-01T01:15:00.000Z	0.190	0.0100	0.036232	 70.3	36.9	8.1269E-02	-0.62	4.24	1010000000100000	1
2020-09-01T01:15:00.000Z	0.200	0.0100	0.062800	 78.8	36.1	1.4086E-01	-1.41	5.42	1010000000100000	1
2020-09-01T01:15:00.000Z	0.210	0.0100	0.059438	 63.3	43.1	1.3332E-01	-0.92	3.35	1010000000100000	1
2020-09-01T01:15:00.000Z	0.220	0.0100	0.059737	 43.6	42.7	1.3399E-01	-0.55	3.87	1010000000100000	1
2020-09-01T01:15:00.000Z	0.230	0.0100	0.104578	 16.9	57.4	2.3457E-01	-0.26	1.92	1010000000100000	1
2020-09-01T01:15:00.000Z	0.240	0.0100	0.147668	 26.7	52.0	3.3122E-01	-0.01	1.93	1010000000100000	1
2020-09-01T01:15:00.000Z	0.250	0.0100	0.290021	 11.3	44.4	6.5052E-01	 0.51	2.57	1010000000100000	1
2020-09-01T01:15:00.000Z	0.260	0.0100	0.298849	 16.9	41.7	6.7032E-01	-0.37	2.60	1010000000100000	1
2020-09-01T01:15:00.000Z	0.270	0.0100	0.248381	  8.4	45.3	5.5712E-01	-0.85	2.51	1010000000100000	1
2020-09-01T01:15:00.000Z	0.280	0.0100	0.356009	 16.9	35.6	7.9853E-01	-1.38	4.89	1010000000100000	1
2020-09-01T01:15:00.000Z	0.290	0.0100	0.445830	 18.3	30.7	1.0000E+00	-0.83	6.58	1010000000100000	1
2020-09-01T01:15:00.000Z	0.300	0.0100	0.228140	 12.7	39.2	5.1172E-01	-0.18	3.68	1010000000100000	1
2020-09-01T01:15:00.000Z	0.310	0.0100	0.100481	 23.9	48.6	2.2538E-01	-0.29	3.03	1010000000100000	1
2020-09-01T01:15:00.000Z	0.320	0.0100	0.079438	 29.5	47.7	1.7818E-01	-0.47	2.61	1010000000100000	1
2020-09-01T01:15:00.000Z	0.330	0.0100	0.085194	 28.1	44.7	1.9109E-01	-0.93	3.09	1010000000100000	1
2020-09-01T01:15:00.000Z	0.340	0.0100	0.137681	 19.7	34.0	3.0882E-01	-1.59	4.88	1010000000100000	1
2020-09-01T01:15:00.000Z	0.350	0.0100	0.141172	 22.5	28.4	3.1665E-01	-0.33	6.84	1010000000100000	1
2020-09-01T01:15:00.000Z	0.360	0.0100	0.076322	 19.7	37.8	1.7119E-01	-0.36	3.93	1010000000100000	1
2020-09-01T01:15:00.000Z	0.370	0.0100	0.050397	 18.3	46.0	1.1304E-01	-0.63	2.56	1010000000100000	1
2020-09-01T01:15:00.000Z	0.380	0.0100	0.047940	 22.5	44.3	1.0753E-01	-0.45	2.86	1010000000100000	1
2020-09-01T01:15:00.000Z	0.390	0.0100	0.060339	 18.3	36.7	1.3534E-01	-0.55	4.62	1010000000100000	1
2020-09-01T01:15:00.000Z	0.400	0.0100	0.050147	 23.9	37.6	1.1248E-01	-0.65	4.58	1010000000100000	1
2020-09-01T01:15:00.000Z	0.410	0.0100	0.043378	 21.1	39.5	9.7297E-02	 0.03	3.59	1010000000100000	1
2020-09-01T01:15:00.000Z	0.420	0.0100	0.028644	 14.1	45.1	6.4249E-02	 0.54	2.12	1010000000100000	1
2020-09-01T01:15:00.000Z	0.430	0.0100	0.029664	 16.9	44.3	6.6537E-02	 0.52	3.05	1010000000100000	1
2020-09-01T01:15:00.000Z	0.440	0.0100	0.041677	 15.5	42.2	9.3482E-02	 0.80	2.83	1010000000100000	1
2020-09-01T01:15:00.000Z	0.450	0.0100	0.032135	 21.1	44.8	7.2079E-02	-0.08	1.96	1010000000100000	1
2020-09-01T01:15:00.000Z	0.460	0.0100	0.045149	 16.9	39.5	1.0127E-01	 0.54	3.02	1010000000100000	1
2020-09-01T01:15:00.000Z	0.470	0.0100	0.031030	 21.1	41.6	6.9601E-02	 0.20	2.63	1010000000100000	1
2020-09-01T01:15:00.000Z	0.480	0.0100	0.019201	  7.0	51.1	4.3068E-02	 0.72	2.15	1010000000100000	1
2020-09-01T01:15:00.000Z	0.490	0.0100	0.030568	 19.7	43.8	6.8564E-02	-0.32	2.01	1010000000100000	1
2020-09-01T01:15:00.000Z	0.500	0.0100	0.033114	 28.1	40.6	7.4275E-02	-0.88	3.04	1010000000100000	1
2020-09-01T01:15:00.000Z	0.510	0.0100	0.022086	 28.1	41.1	4.9539E-02	-0.29	3.08	1010000000100000	1
2020-09-01T01:15:00.000Z	0.520	0.0100	0.022420	 29.5	45.9	5.0288E-02	 0.16	2.49	1010000000100000	1
2020-09-01T01:15:00.000Z	0.530	0.0100	0.025918	 25.3	39.4	5.8134E-02	-0.69	2.74	1010000000100000	1
2020-09-01T01:15:00.000Z	0.540	0.0100	0.020593	 25.3	39.3	4.6190E-02	 0.78	3.84	1010000000100000	1
2020-09-01T01:15:00.000Z	0.550	0.0100	0.020388	 18.3	47.7	4.5730E-02	 0.55	2.14	1010000000100000	1
2020-09-01T01:15:00.000Z	0.560	0.0100	0.017548	 25.3	44.4	3.9360E-02	 0.06	3.00	1010000000100000	1
2020-09-01T01:15:00.000Z	0.570	0.0100	0.015029	  9.8	52.7	3.3710E-02	 0.64	2.48	1010000000100000	1
2020-09-01T01:15:00.000Z	0.580	0.0100	0.018727	 14.1	52.1	4.2005E-02	 0.84	2.51	1010000000100000	1
2020-09-01T01:45:00.000Z	0.025	0.0050	0.000026	139.2	79.5	6.7391E-05	-0.11	1.52	1010000000100000	1
2020-09-01T01:45:00.000Z	0.030	0.0050	0.000097	237.7	75.1	2.5480E-04	 0.10	1.77	1010000000100000	1
2020-09-01T01:45:00.000Z	0.035	0.0050	0.000447	323.4	78.6	1.1767E-03	 1.04	1.45	1010000000100000	1
2020-09-01T01:45:00.000Z	0.040	0.0050	0.001507	 12.7	69.5	3.9658E-03	 0.31	1.74	1010000000100000	1
2020-09-01T01:45:00.000Z	0.045	0.0050	0.002065	  4.2	52.0	5.4343E-03	-0.30	1.86	1010000000100000	1
2020-09-01T01:45:00.000Z	0.050	0.0050	0.001173	 38.0	49.5	3.0888E-03	 0.00	4.21	1010000000100000	1
2020-09-01T01:45:00.000Z	0.055	0.0050	0.001265	 33.8	51.8	3.3291E-03	 2.47	3.91	1010000000100000	1
2020-09-01T01:45:00.000Z	0.060	0.0050	0.001162	 18.3	45.4	3.0580E-03	-0.25	3.87	1010000000100000	1
2020-09-01T01:45:00.000Z	0.065	0.0050	0.001179	 15.5	34.6	3.1041E-03	-3.68	8.13	1010000000100000	1
2020-09-01T01:45:00.000Z	0.070	0.0050	0.000667	 21.1	50.1	1.7555E-03	-1.79	3.73	1010000000100000	1
2020-09-01T01:45:00.000Z	0.075	0.0050	0.000461	 21.1	55.6	1.2126E-03	 0.33	2.83	1010000000100000	1
2020-09-01T01:45:00.000Z	0.080	0.0050	0.000698	 32.3	44.5	1.8363E-03	-1.97	3.83	1010000000100000	1
2020-09-01T01:45:00.000Z	0.085	0.0050	0.000335	 43.6	56.8	8.8050E-04	-0.13	2.95	1010000000100000	1
2020-09-01T01:45:00.000Z	0.090	0.0050	0.000489	 45.0	48.3	1.2876E-03	 1.94	4.08	1010000000100000	1
2020-09-01T01:45:00.000Z	0.095	0.0050	0.000654	 64.7	65.9	1.7207E-03	 2.04	2.16	1010000000100000	1
2020-09-01T01:45:00.000Z	0.100	0.0075	0.000684	 38.0	53.3	1.7999E-03	-0.77	3.92	1010000000100000	1
2020-09-01T01:45:00.000Z	0.110	0.0100	0.000819	 30.9	61.3	2.1549E-03	 0.73	2.82	1010000000100000	1
2020-09-01T01:45:00.000Z	0.120	0.0100	0.002387	 78.8	77.6	6.2824E-03	 1.53	1.53	1010000000100000	1
2020-09-01T01:45:00.000Z	0.130	0.0100	0.005726	188.4	63.2	1.5071E-02	-2.27	2.67	1010000000100000	1
2020-09-01T01:45:00.000Z	0.140	0.0100	0.005207	 59.1	58.3	1.3705E-02	 2.17	2.64	1010000000100000	1
2020-09-01T01:45:00.000Z	0.150	0.0100	0.014512	 63.3	36.9	3.8198E-02	 3.29	6.60	1010000000100000	1
2020-09-01T01:45:00.000Z	0.160	0.0100	0.020593	 57.7	31.6	5.4204E-02	 3.97	8.94	1010000000100000	1
2020-09-01T01:45:00.000Z	0.170	0.0100	0.016945	 56.3	35.4	4.4601E-02	 2.19	5.17	1010000000100000	1
2020-09-01T01:45:00.000Z	0.180	0.0100	0.014083	 66.1	42.0	3.7068E-02	 1.41	4.63	1010000000100000	1
2020-09-01T01:45:00.000Z	0.190	0.0100	0.020185	 66.1	44.4	5.3130E-02	-0.16	3.44	1010000000100000	1
2020-09-01T01:45:00.000Z	0.200	0.0100	0.038091	 61.9	46.2	1.0026E-01	 0.00	4.30	1010000000100000	1
2020-09-01T01:45:00.000Z	0.210	0.0100	0.052456	 42.2	45.5	1.3807E-01	-1.63	3.60	1010000000100000	1
2020-09-01T01:45:00.000Z	0.220	0.0100	0.082678	 35.2	39.6	2.1762E-01	-1.85	4.18	1010000000100000	1
2020-09-01T01:45:00.000Z	0.230	0.0100	0.132949	 29.5	43.2	3.4994E-01	-1.38	3.83	1010000000100000	1
2020-09-01T01:45:00.000Z	0.240	0.0100	0.220289	 23.9	40.4	5.7983E-01	-0.99	4.10	1010000000100000	1
2020-09-01T01:45:00.000Z	0.250	0.0100	0.274500	 19.7	36.1	7.2252E-01	-0.37	5.63	1010000000100000	1
2020-09-01T01:45:00.000Z	0.260	0.0100	0.379920	 22.5	36.0	1.0000E+00	-0.05	2.89	1010000000100000	1
2020-09-01T01:45:00.000Z	0.270	0.0100	0.288568	 26.7	42.1	7.5955E-01	-0.61	2.85	1010000000100000	1
2020-09-01T01:45:00.000Z	0.280	0.0100	0.262418	 14.1	44.8	6.9072E-01	-0.13	2.94	1010000000100000	1
2020-09-01T01:45:00.000Z	0.290	0.0100	0.259808	 15.5	48.1	6.8385E-01	-0.54	2.75	1010000000100000	1
2020-09-01T01:45:00.000Z	0.300	0.0100	0.190560	 19.7	40.6	5.0158E-01	 0.02	4.16	1010000000100000	1
2020-09-01T01:45:00.000Z	0.310	0.0100	0.179459	 25.3	34.9	4.7236E-01	 0.03	5.90	1010000000100000	1
2020-09-01T01:45:00.000Z	0.320	0.0100	0.176788	 23.9	36.5	4.6533E-01	-0.17	4.43	1010000000100000	1
2020-09-01T01:45:00.000Z	0.330	0.0100	0.067690	 25.3	47.3	1.7817E-01	 0.02	2.97	1010000000100000	1
2020-09-01T01:45:00.000Z	0.340	0.0100	0.072964	 23.9	41.0	1.9205E-01	 0.17	3.51	1010000000100000	1
2020-09-01T01:45:00.000Z	0.350	0.0100	0.076322	 14.1	45.2	2.0089E-01	 1.41	3.57	1010000000100000	1
2020-09-01T01:45:00.000Z	0.360	0.0100	0.064712	 22.5	44.9	1.7033E-01	 0.74	3.20	1010000000100000	1
2020-09-01T01:45:00.000Z	0.370	0.0100	0.083928	 26.7	33.8	2.2091E-01	 0.12	5.04	1010000000100000	1
2020-09-01T01:45:00.000Z	0.380	0.0100	0.072238	 22.5	42.4	1.9014E-01	-0.51	3.76	1010000000100000	1
2020-09-01T01:45:00.000Z	0.390	0.0100	0.049895	 21.1	41.2	1.3133E-01	-0.07	3.75	1010000000100000	1
2020-09-01T01:45:00.000Z	0.400	0.0100	0.023688	 32.3	44.7	6.2350E-02	-1.06	3.46	1010000000100000	1
2020-09-01T01:45:00.000Z	0.410	0.0100	0.023806	 33.8	50.9	6.2661E-02	-0.20	2.08	1010000000100000	1
2020-09-01T01:45:00.000Z	0.420	0.0100	0.040241	 23.9	44.5	1.0592E-01	 0.44	2.54	1010000000100000	1
2020-09-01T01:45:00.000Z	0.430	0.0100	0.034122	 12.7	40.5	8.9814E-02	 0.54	3.08	1010000000100000	1
2020-09-01T01:45:00.000Z	0.440	0.0100	0.026976	 19.7	44.1	7.1004E-02	 0.44	2.43	1010000000100000	1
2020-09-01T01:45:00.000Z	0.450	0.0100	0.030113	 16.9	39.5	7.9261E-02	 0.31	3.25	1010000000100000	1
2020-09-01T01:45:00.000Z	0.460	0.0100	0.032621	 11.3	39.6	8.5863E-02	 0.57	2.72	1010000000100000	1
2020-09-01T01:45:00.000Z	0.470	0.0100	0.033114	 18.3	39.2	8.7160E-02	 0.74	2.54	1010000000100000	1
2020-09-01T01:45:00.000Z	0.480	0.0100	0.025152	 21.1	44.2	6.6203E-02	 0.10	2.10	1010000000100000	1
2020-09-01T01:45:00.000Z	0.490	0.0100	0.028932	 12.7	43.8	7.6153E-02	 0.59	2.74	1010000000100000	1
2020-09-01T01:45:00.000Z	0.500	0.0100	0.032784	 15.5	46.6	8.6292E-02	 0.36	2.54	1010000000100000	1
2020-09-01T01:45:00.000Z	0.510	0.0100	0.025152	 18.3	45.9	6.6203E-02	-0.17	2.25	1010000000100000	1
2020-09-01T01:45:00.000Z	0.520	0.0100	0.014657	 38.0	49.9	3.8579E-02	-0.66	2.30	1010000000100000	1
2020-09-01T01:45:00.000Z	0.530	0.0100	0.015409	 28.1	50.4	4.0559E-02	-0.17	2.03	1010000000100000	1
2020-09-01T01:45:00.000Z	0.540	0.0100	0.017030	 23.9	56.6	4.4825E-02	-0.01	1.85	1010000000100000	1
2020-09-01T01:45:00.000Z	0.550	0.0100	0.025660	 14.1	44.3	6.7541E-02	 0.68	2.93	1010000000100000	1
2020-09-01T01:45:00.000Z	0.560	0.0100	0.012806	  5.6	52.0	3.3707E-02	 0.21	2.16	1010000000100000	1
2020-09-01T01:45:00.000Z	0.570	0.0100	0.018633	 14.1	50.5	4.9045E-02	 0.13	2.32	1010000000100000	1
2020-09-01T01:45:00.000Z	0.580	0.0100	0.013598	 23.9	48.9	3.5792E-02	 0.55	2.41	1010000000100000	1
2020-09-01T02:16:00.000Z	0.025	0.0050	0.000013	 16.9	57.6	2.8660E-05	-0.27	2.17	1010000000100000	1
2020-09-01T02:16:00.000Z	0.030	0.0050	0.000087	 50.6	60.3	1.8596E-04	-0.61	2.39	1010000000100000	1
2020-09-01T02:16:00.000Z	0.035	0.0050	0.000475	  1.4	60.2	1.0179E-03	-0.99	2.09	1010000000100000	1
2020-09-01T02:16:00.000Z	0.040	0.0050	0.001699	 19.7	66.9	3.6427E-03	 0.66	2.00	1010000000100000	1
2020-09-01T02:16:00.000Z	0.045	0.0050	0.000744	 26.7	65.4	1.5964E-03	-0.97	2.73	1010000000100000	1
2020-09-01T02:16:00.000Z	0.050	0.0050	0.001228	 23.9	48.7	2.6321E-03	-1.34	3.87	1010000000100000	1
2020-09-01T02:16:00.000Z	0.055	0.0050	0.000715	 36.6	61.9	1.5338E-03	 0.16	2.61	1010000000100000	1
2020-09-01T02:16:00.000Z	0.060	0.0050	0.000338	 12.7	74.8	7.2450E-04	-3.46	2.00	1010000000100000	1
2020-09-01T02:16:00.000Z	0.065	0.0050	0.000359	 11.3	62.1	7.6932E-04	-0.75	2.39	1010000000100000	1
2020-09-01T02:16:00.000Z	0.070	0.0050	0.000687	  9.8	53.8	1.4736E-03	 0.38	3.18	1010000000100000	1
2020-09-01T02:16:00.000Z	0.075	0.0050	0.000284	 53.4	62.2	6.0820E-04	 0.55	2.42	1010000000100000	1
2020-09-01T02:16:00.000Z	0.080	0.0050	0.000275	350.2	59.2	5.9023E-04	-1.45	2.28	1010000000100000	1
2020-09-01T02:16:00.000Z	0.085	0.0050	0.000338	 21.1	52.6	7.2450E-04	-0.01	2.95	1010000000100000	1
2020-09-01T02:16:00.000Z	0.090	0.0050	0.000328	 21.1	54.3	7.0310E-04	-0.05	3.23	1010000000100000	1
2020-09-01T02:16:00.000Z	0.095	0.0050	0.000355	 45.0	49.8	7.6166E-04	 4.50	4.10	1010000000100000	1
2020-09-01T02:16:00.000Z	0.100	0.0075	0.000381	  8.4	68.0	8.1688E-04	-0.64	2.13	1010000000100000	1
2020-09-01T02:16:00.000Z	0.110	0.0100	0.000479	 35.2	73.4	1.0281E-03	 3.08	2.10	1010000000100000	1
2020-09-01T02:16:00.000Z	0.120	0.0100	0.001316	 45.0	65.8	2.8229E-03	 1.47	2.07	1010000000100000	1
2020-09-01T02:16:00.000Z	0.130	0.0100	0.003743	 35.2	68.3	8.0264E-03	 3.71	2.40	1010000000100000	1
2020-09-01T02:16:00.000Z	0.140	0.0100	0.004221	 67.5	58.1	9.0499E-03	 0.30	2.49	1010000000100000	1
2020-09-01T02:16:00.000Z	0.150	0.0100	0.010697	 74.5	36.0	2.2937E-02	 1.20	4.22	1010000000100000	1
2020-09-01T02:16:00.000Z	0.160	0.0100	0.015029	 67.5	36.3	3.2226E-02	 2.89	6.07	1010000000100000	1
2020-09-01T02:16:00.000Z	0.170	0.0100	0.010226	 57.7	45.3	2.1927E-02	 2.93	4.49	1010000000100000	1
2020-09-01T02:16:00.000Z	0.180	0.0100	0.018083	 63.3	38.3	3.8775E-02	 2.71	5.84	1010000000100000	1
2020-09-01T02:16:00.000Z	0.190	0.0100	0.036596	 68.9	29.9	7.8472E-02	 0.45	6.79	1010000000100000	1
2020-09-01T02:16:00.000Z	0.200	0.0100	0.029077	 60.5	34.4	6.2349E-02	 0.18	6.05	1010000000100000	1
2020-09-01T02:16:00.000Z	0.210	0.0100	0.023569	 59.1	44.4	5.0538E-02	-1.12	4.69	1010000000100000	1
2020-09-01T02:16:00.000Z	0.220	0.0100	0.048180	 56.3	47.0	1.0331E-01	-2.74	3.82	1010000000100000	1
2020-09-01T02:16:00.000Z	0.230	0.0100	0.065691	 47.8	52.5	1.4086E-01	-1.36	2.36	1010000000100000	1
2020-09-01T02:16:00.000Z	0.240	0.0100	0.055977	 46.4	55.5	1.2003E-01	-1.17	2.43	1010000000100000	1
2020-09-01T02:16:00.000Z	0.250	0.0100	0.130310	 22.5	43.8	2.7942E-01	-0.76	2.94	1010000000100000	1
2020-09-01T02:16:00.000Z	0.260	0.0100	0.218098	 19.7	41.2	4.6766E-01	-1.20	2.94	1010000000100000	1
2020-09-01T02:16:00.000Z	0.270	0.0100	0.466360	 19.7	34.5	1.0000E+00	-1.06	5.05	1010000000100000	1
2020-09-01T02:16:00.000Z	0.280	0.0100	0.365020	 14.1	38.2	7.8270E-01	-0.59	4.19	1010000000100000	1
2020-09-01T02:16:00.000Z	0.290	0.0100	0.297360	 16.9	35.4	6.3762E-01	-0.02	4.55	1010000000100000	1
2020-09-01T02:16:00.000Z	0.300	0.0100	0.136308	  7.0	41.3	2.9228E-01	 0.85	3.66	1010000000100000	1
2020-09-01T02:16:00.000Z	0.310	0.0100	0.072962	  7.0	48.1	1.5645E-01	-0.42	2.99	1010000000100000	1
2020-09-01T02:16:00.000Z	0.320	0.0100	0.123958	 12.7	41.4	2.6580E-01	 0.13	3.38	1010000000100000	1
2020-09-01T02:16:00.000Z	0.330	0.0100	0.120899	 23.9	34.4	2.5924E-01	-1.09	4.12	1010000000100000	1
2020-09-01T02:16:00.000Z	0.340	0.0100	0.069404	  7.0	37.9	1.4882E-01	-0.16	4.37	1010000000100000	1
2020-09-01T02:16:00.000Z	0.350	0.0100	0.058262	  2.8	48.1	1.2493E-01	 0.21	3.15	1010000000100000	1
2020-09-01T02:16:00.000Z	0.360	0.0100	0.048665	  8.4	44.7	1.0435E-01	 0.80	3.26	1010000000100000	1
2020-09-01T02:16:00.000Z	0.370	0.0100	0.045374	 29.5	48.9	9.7294E-02	-0.63	2.43	1010000000100000	1
2020-09-01T02:16:00.000Z	0.380	0.0100	0.040648	 25.3	47.3	8.7160E-02	 0.38	2.62	1010000000100000	1
2020-09-01T02:16:00.000Z	0.390	0.0100	0.040648	 19.7	44.0	8.7160E-02	 0.38	3.45	1010000000100000	1
2020-09-01T02:16:00.000Z	0.400	0.0100	0.037523	 23.9	43.2	8.0459E-02	 0.13	3.55	1010000000100000	1
2020-09-01T02:16:00.000Z	0.410	0.0100	0.034293	 11.3	46.9	7.3533E-02	 1.25	3.50	1010000000100000	1
2020-09-01T02:16:00.000Z	0.420	0.0100	0.049154	  7.0	36.5	1.0540E-01	 0.47	3.59	1010000000100000	1
2020-09-01T02:16:00.000Z	0.430	0.0100	0.036964	  8.4	39.4	7.9261E-02	 0.01	2.66	1010000000100000	1
2020-09-01T02:16:00.000Z	0.440	0.0100	0.029664	 18.3	43.8	6.3608E-02	-0.18	3.42	1010000000100000	1
2020-09-01T02:16:00.000Z	0.450	0.0100	0.030721	 12.7	35.8	6.5874E-02	 0.90	4.04	1010000000100000	1
2020-09-01T02:16:00.000Z	0.460	0.0100	0.028644	  8.4	43.1	6.1420E-02	 0.53	3.02	1010000000100000	1
2020-09-01T02:16:00.000Z	0.470	0.0100	0.021866	  8.4	48.7	4.6887E-02	 0.31	2.16	1010000000100000	1
2020-09-01T02:16:00.000Z	0.480	0.0100	0.023806	 14.1	35.5	5.1046E-02	 0.82	5.05	1010000000100000	1
2020-09-01T02:16:00.000Z	0.490	0.0100	0.017636	 22.5	48.1	3.7816E-02	 1.01	2.74	1010000000100000	1
2020-09-01T02:16:00.000Z	0.500	0.0100	0.015564	 19.7	50.2	3.3373E-02	 0.54	2.43	1010000000100000	1
2020-09-01T02:16:00.000Z	0.510	0.0100	0.019687	 29.5	42.3	4.2214E-02	 0.08	3.56	1010000000100000	1
2020-09-01T02:16:00.000Z	0.520	0.0100	0.015180	 18.3	51.4	3.2550E-02	-0.44	2.24	1010000000100000	1
2020-09-01T02:16:00.000Z	0.530	0.0100	0.013531	 12.7	50.9	2.9014E-02	 0.30	1.92	1010000000100000	1
2020-09-01T02:16:00.000Z	0.540	0.0100	0.019491	  4.2	44.5	4.1794E-02	 0.77	2.97	1010000000100000	1
2020-09-01T02:16:00.000Z	0.550	0.0100	0.018540	  9.8	45.1	3.9755E-02	 0.15	2.48	1010000000100000	1
2020-09-01T02:16:00.000Z	0.560	0.0100	0.015642	  1.4	41.1	3.3541E-02	 1.16	3.07	1010000000100000	1
2020-09-01T02:16:00.000Z	0.570	0.0100	0.014224	 15.5	41.0	3.0500E-02	 0.09	3.43	1010000000100000	1
2020-09-01T02:16:00.000Z	0.580	0.0100	0.011763	357.2	51.3	2.5223E-02	 1.27	2.47	1010000000100000	1
2020-09-01T02:45:00.000Z	0.025	0.0050	0.000026	 28.1	57.4	1.0360E-04	-1.04	2.08	1010000000100000	1
2020-09-01T02:45:00.000Z	0.030	0.0050	0.000092	 35.2	60.0	3.5979E-04	-2.03	2.48	1010000000100000	1
2020-09-01T02:45:00.000Z	0.035	0.0050	0.000438	 28.1	70.7	1.7208E-03	-1.49	1.92	1010000000100000	1
2020-09-01T02:45:00.000Z	0.040	0.0050	0.000966	 39.4	54.1	3.7916E-03	 0.17	2.88	1010000000100000	1
2020-09-01T02:45:00.000Z	0.045	0.0050	0.000882	 56.3	60.2	3.4652E-03	 0.58	2.34	1010000000100000	1
2020-09-01T02:45:00.000Z	0.050	0.0050	0.000741	 30.9	51.5	2.9089E-03	 2.44	4.20	1010000000100000	1
2020-09-01T02:45:00.000Z	0.055	0.0050	0.000364	 21.1	68.4	1.4301E-03	-1.97	2.25	1010000000100000	1
2020-09-01T02:45:00.000Z	0.060	0.0050	0.000398	 19.7	44.5	1.5648E-03	-0.19	3.78	1010000000100000	1
2020-09-01T02:45:00.000Z	0.065	0.0050	0.000383	 12.7	51.8	1.5035E-03	-3.78	3.65	1010000000100000	1
2020-09-01T02:45:00.000Z	0.070	0.0050	0.000419	 36.6	46.8	1.6451E-03	-1.28	3.92	1010000000100000	1
2020-09-01T02:45:00.000Z	0.075	0.0050	0.000271	 38.0	61.4	1.0648E-03	 1.17	2.62	1010000000100000	1
2020-09-01T02:45:00.000Z	0.080	0.0050	0.000333	 11.3	55.5	1.3070E-03	-1.07	2.64	1010000000100000	1
2020-09-01T02:45:00.000Z	0.085	0.0050	0.000310	  5.6	57.2	1.2187E-03	-1.41	2.87	1010000000100000	1
2020-09-01T02:45:00.000Z	0.090	0.0050	0.000230	  1.4	73.2	9.0281E-04	-1.32	1.87	1010000000100000	1
2020-09-01T02:45:00.000Z	0.095	0.0050	0.000300	 33.8	53.3	1.1768E-03	-0.83	3.41	1010000000100000	1
2020-09-01T02:45:00.000Z	0.100	0.0075	0.000391	 32.3	64.7	1.5338E-03	-1.80	2.61	1010000000100000	1
2020-09-01T02:45:00.000Z	0.110	0.0100	0.000698	 42.2	51.7	2.7395E-03	 1.33	3.22	1010000000100000	1
2020-09-01T02:45:00.000Z	0.120	0.0100	0.000874	 38.0	57.9	3.4307E-03	 2.89	3.17	1010000000100000	1
2020-09-01T02:45:00.000Z	0.130	0.0100	0.002638	 36.6	57.1	1.0358E-02	 0.07	3.40	1010000000100000	1
2020-09-01T02:45:00.000Z	0.140	0.0100	0.007426	 70.3	58.2	2.9159E-02	 1.20	2.73	1010000000100000	1
2020-09-01T02:45:00.000Z	0.150	0.0100	0.006619	 84.4	55.7	2.5992E-02	 0.77	2.42	1010000000100000	1
2020-09-01T02:45:00.000Z	0.160	0.0100	0.010226	 80.2	42.4	4.0156E-02	 1.74	3.88	1010000000100000	1
2020-09-01T02:45:00.000Z	0.170	0.0100	0.011078	 60.5	41.2	4.3501E-02	 2.20	3.94	1010000000100000	1
2020-09-01T02:45:00.000Z	0.180	0.0100	0.018727	 56.3	38.4	7.3537E-02	 2.09	4.82	1010000000100000	1
2020-09-01T02:45:00.000Z	0.190	0.0100	0.016526	 56.3	40.1	6.4894E-02	 2.36	5.12	1010000000100000	1
2020-09-01T02:45:00.000Z	0.200	0.0100	0.023335	 63.3	39.5	9.1632E-02	 1.90	5.96	1010000000100000	1
2020-09-01T02:45:00.000Z	0.210	0.0100	0.025532	 64.7	50.0	1.0026E-01	 1.62	3.51	1010000000100000	1
2020-09-01T02:45:00.000Z	0.220	0.0100	0.051673	 63.3	45.5	2.0291E-01	 0.56	4.47	1010000000100000	1
2020-09-01T02:45:00.000Z	0.230	0.0100	0.058847	 50.6	46.9	2.3108E-01	-0.09	3.89	1010000000100000	1
2020-09-01T02:45:00.000Z	0.240	0.0100	0.097023	 53.4	42.7	3.8099E-01	-1.44	4.72	1010000000100000	1
2020-09-01T02:45:00.000Z	0.250	0.0100	0.100481	 43.6	51.7	3.9457E-01	-2.58	3.51	1010000000100000	1
2020-09-01T02:45:00.000Z	0.260	0.0100	0.144020	 36.6	41.2	5.6554E-01	-1.70	4.06	1010000000100000	1
2020-09-01T02:45:00.000Z	0.270	0.0100	0.230429	 18.3	40.3	9.0485E-01	-0.16	3.08	1010000000100000	1
2020-09-01T02:45:00.000Z	0.280	0.0100	0.254660	 12.7	31.7	1.0000E+00	-0.89	5.94	1010000000100000	1
2020-09-01T02:45:00.000Z	0.290	0.0100	0.190560	 11.3	37.4	7.4829E-01	-1.20	4.76	1010000000100000	1
2020-09-01T02:45:00.000Z	0.300	0.0100	0.174159	 21.1	38.0	6.8389E-01	-1.13	3.72	1010000000100000	1
2020-09-01T02:45:00.000Z	0.310	0.0100	0.121501	 14.1	47.8	4.7711E-01	 0.07	3.08	1010000000100000	1
2020-09-01T02:45:00.000Z	0.320	0.0100	0.136309	  5.6	43.2	5.3526E-01	 0.61	3.74	1010000000100000	1
2020-09-01T02:45:00.000Z	0.330	0.0100	0.085622	 14.1	38.2	3.3622E-01	 0.38	3.96	1010000000100000	1
2020-09-01T02:45:00.000Z	0.340	0.0100	0.088673	 15.5	43.6	3.4820E-01	 0.51	2.92	1010000000100000	1
2020-09-01T02:45:00.000Z	0.350	0.0100	0.060640	 29.5	44.2	2.3812E-01	 0.09	2.86	1010000000100000	1
2020-09-01T02:45:00.000Z	0.360	0.0100	0.054052	 14.1	41.2	2.1225E-01	 0.14	3.53	1010000000100000	1
2020-09-01T02:45:00.000Z	0.370	0.0100	0.045373	 15.5	46.0	1.7817E-01	-0.25	2.70	1010000000100000	1
2020-09-01T02:45:00.000Z	0.380	0.0100	0.053514	  9.8	41.0	2.1014E-01	-0.07	4.20	1010000000100000	1
2020-09-01T02:45:00.000Z	0.390	0.0100	0.038665	 18.3	42.6	1.5183E-01	-0.22	3.80	1010000000100000	1
2020-09-01T02:45:00.000Z	0.400	0.0100	0.024409	  9.8	46.2	9.5849E-02	-0.41	2.85	1010000000100000	1
2020-09-01T02:45:00.000Z	0.410	0.0100	0.044255	 12.7	34.7	1.7378E-01	-0.40	4.63	1010000000100000	1
2020-09-01T02:45:00.000Z	0.420	0.0100	0.024409	  8.4	48.9	9.5849E-02	 0.39	2.72	1010000000100000	1
2020-09-01T02:45:00.000Z	0.430	0.0100	0.028644	 39.4	46.4	1.1248E-01	-0.22	2.30	1010000000100000	1
2020-09-01T02:45:00.000Z	0.440	0.0100	0.025152	 35.2	50.4	9.8767E-02	-0.16	1.91	1010000000100000	1
2020-09-01T02:45:00.000Z	0.450	0.0100	0.034812	 16.9	39.7	1.3670E-01	-0.44	3.65	1010000000100000	1
2020-09-01T02:45:00.000Z	0.460	0.0100	0.029663	 19.7	43.0	1.1648E-01	 0.38	3.12	1010000000100000	1
2020-09-01T02:45:00.000Z	0.470	0.0100	0.025405	 32.3	40.0	9.9760E-02	-0.20	2.91	1010000000100000	1
2020-09-01T02:45:00.000Z	0.480	0.0100	0.023218	 18.3	41.7	9.1173E-02	-0.07	2.69	1010000000100000	1
2020-09-01T02:45:00.000Z	0.490	0.0100	0.022086	 16.9	42.2	8.6727E-02	 0.37	2.96	1010000000100000	1
2020-09-01T02:45:00.000Z	0.500	0.0100	0.020185	  9.8	43.3	7.9263E-02	 0.42	2.60	1010000000100000	1
2020-09-01T02:45:00.000Z	0.510	0.0100	0.011881	 25.3	54.1	4.6654E-02	 0.26	2.03	1010000000100000	1
2020-09-01T02:45:00.000Z	0.520	0.0100	0.020696	 14.1	43.3	8.1269E-02	 0.83	2.82	1010000000100000	1
2020-09-01T02:45:00.000Z	0.530	0.0100	0.017115	 15.5	50.0	6.7207E-02	 0.42	2.02	1010000000100000	1
2020-09-01T02:45:00.000Z	0.540	0.0100	0.016118	 22.5	43.0	6.3292E-02	 0.27	2.17	1010000000100000	1
2020-09-01T02:45:00.000Z	0.550	0.0100	0.017636	 16.9	47.8	6.9253E-02	-0.33	2.91	1010000000100000	1
2020-09-01T02:45:00.000Z	0.560	0.0100	0.012061	 39.4	52.5	4.7361E-02	-0.15	2.14	1010000000100000	1
2020-09-01T02:45:00.000Z	0.570	0.0100	0.010804	 26.7	56.3	4.2425E-02	 0.06	2.01	1010000000100000	1
2020-09-01T02:45:00.000Z	0.580	0.0100	0.015564	 18.3	44.9	6.1117E-02	 0.43	2.71	1010000000100000	1
2020-09-01T03:15:00.000Z	0.025	0.0050	0.000011	 28.1	47.8	6.9444E-05	-1.80	3.65	1010000000100000	1
2020-09-01T03:15:00.000Z	0.030	0.0050	0.000046	 21.1	60.0	2.9019E-04	-1.36	2.33	1010000000100000	1
2020-09-01T03:15:00.000Z	0.035	0.0050	0.000179	 70.3	69.3	1.1363E-03	 0.28	1.68	1010000000100000	1
2020-09-01T03:15:00.000Z	0.040	0.0050	0.000405	347.3	70.3	2.5671E-03	 0.33	1.81	1010000000100000	1
2020-09-01T03:15:00.000Z	0.045	0.0050	0.000343	 39.4	54.9	2.1766E-03	 2.28	3.11	1010000000100000	1
2020-09-01T03:15:00.000Z	0.050	0.0050	0.000432	 19.7	50.9	2.7395E-03	-0.65	3.86	1010000000100000	1
2020-09-01T03:15:00.000Z	0.055	0.0050	0.000258	  1.4	62.0	1.6368E-03	-1.33	2.85	1010000000100000	1
2020-09-01T03:15:00.000Z	0.060	0.0050	0.000289	 25.3	48.3	1.8363E-03	-1.38	3.95	1010000000100000	1
2020-09-01T03:15:00.000Z	0.065	0.0050	0.000160	 23.9	74.3	1.0129E-03	 0.09	1.88	1010000000100000	1
2020-09-01T03:15:00.000Z	0.070	0.0050	0.000148	 29.5	67.8	9.3965E-04	 1.32	2.47	1010000000100000	1
2020-09-01T03:15:00.000Z	0.075	0.0050	0.000137	 80.2	67.7	8.6743E-04	-0.41	2.34	1010000000100000	1
2020-09-01T03:15:00.000Z	0.080	0.0050	0.000137	 21.1	53.5	8.6743E-04	 0.28	3.33	1010000000100000	1
2020-09-01T03:15:00.000Z	0.085	0.0050	0.000116	 33.8	60.9	7.3550E-04	 3.47	2.88	1010000000100000	1
2020-09-01T03:15:00.000Z	0.090	0.0050	0.000325	 61.9	50.8	2.0602E-03	 0.86	3.17	1010000000100000	1
2020-09-01T03:15:00.000Z	0.095	0.0050	0.000147	336.1	58.5	9.3495E-04	-0.28	2.70	1010000000100000	1
2020-09-01T03:15:00.000Z	0.100	0.0075	0.000264	 77.3	68.5	1.6783E-03	 0.20	1.68	1010000000100000	1
2020-09-01T03:15:00.000Z	0.110	0.0100	0.000425	 87.2	68.2	2.6987E-03	 0.75	1.70	1010000000100000	1
2020-09-01T03:15:00.000Z	0.120	0.0100	0.000896	 78.8	55.4	5.6847E-03	 0.78	2.28	1010000000100000	1
2020-09-01T03:15:00.000Z	0.130	0.0100	0.001964	 75.9	61.0	1.2463E-02	 0.69	1.95	1010000000100000	1
2020-09-01T03:15:00.000Z	0.140	0.0100	0.002399	 83.0	60.9	1.5223E-02	 1.20	2.21	1010000000100000	1
2020-09-01T03:15:00.000Z	0.150	0.0100	0.005312	 67.5	41.4	3.3709E-02	 0.71	3.33	1010000000100000	1
2020-09-01T03:15:00.000Z	0.160	0.0100	0.005841	 49.2	47.3	3.7069E-02	 0.09	3.88	1010000000100000	1
2020-09-01T03:15:00.000Z	0.170	0.0100	0.009679	 45.0	56.3	6.1422E-02	-1.39	2.52	1010000000100000	1
2020-09-01T03:15:00.000Z	0.180	0.0100	0.007500	 80.2	49.7	4.7597E-02	 1.30	3.32	1010000000100000	1
2020-09-01T03:15:00.000Z	0.190	0.0100	0.009440	 63.3	49.2	5.9905E-02	-1.05	3.47	1010000000100000	1
2020-09-01T03:15:00.000Z	0.200	0.0100	0.016199	 56.3	42.3	1.0280E-01	-0.09	4.67	1010000000100000	1
2020-09-01T03:15:00.000Z	0.210	0.0100	0.013396	 56.3	51.8	8.5011E-02	-0.68	3.18	1010000000100000	1
2020-09-01T03:15:00.000Z	0.220	0.0100	0.031815	 61.9	39.3	2.0190E-01	-0.85	5.52	1010000000100000	1
2020-09-01T03:15:00.000Z	0.230	0.0100	0.042096	 63.3	37.6	2.6714E-01	-2.83	6.30	1010000000100000	1
2020-09-01T03:15:00.000Z	0.240	0.0100	0.042945	 59.1	41.0	2.7253E-01	-0.81	4.22	1010000000100000	1
2020-09-01T03:15:00.000Z	0.250	0.0100	0.076704	 52.0	44.5	4.8676E-01	-0.52	3.73	1010000000100000	1
2020-09-01T03:15:00.000Z	0.260	0.0100	0.108850	 45.0	38.2	6.9076E-01	-0.75	6.29	1010000000100000	1
2020-09-01T03:15:00.000Z	0.270	0.0100	0.112161	 35.2	41.5	7.1177E-01	-0.94	4.57	1010000000100000	1
2020-09-01T03:15:00.000Z	0.280	0.0100	0.157580	 38.0	42.5	1.0000E+00	-0.62	4.01	1010000000100000	1
2020-09-01T03:15:00.000Z	0.290	0.0100	0.117329	  8.4	42.5	7.4457E-01	-0.29	2.56	1010000000100000	1
2020-09-01T03:15:00.000Z	0.300	0.0100	0.150650	 16.9	40.0	9.5602E-01	 0.48	3.48	1010000000100000	1
2020-09-01T03:15:00.000Z	0.310	0.0100	0.110490	 18.3	39.5	7.0117E-01	 0.28	3.12	1010000000100000	1
2020-09-01T03:15:00.000Z	0.320	0.0100	0.081447	 15.5	46.0	5.1686E-01	 0.36	2.78	1010000000100000	1
2020-09-01T03:15:00.000Z	0.330	0.0100	0.092755	 14.1	39.4	5.8862E-01	 0.46	4.67	1010000000100000	1
2020-09-01T03:15:00.000Z	0.340	0.0100	0.057109	 18.3	47.4	3.6241E-01	-0.53	2.63	1010000000100000	1
2020-09-01T03:15:00.000Z	0.350	0.0100	0.024778	  1.4	49.4	1.5724E-01	-0.06	2.59	1010000000100000	1
2020-09-01T03:15:00.000Z	0.360	0.0100	0.024409	 19.7	50.8	1.5490E-01	 0.15	2.40	1010000000100000	1
2020-09-01T03:15:00.000Z	0.370	0.0100	0.032458	 21.1	45.5	2.0598E-01	-0.40	2.60	1010000000100000	1
2020-09-01T03:15:00.000Z	0.380	0.0100	0.026708	 21.1	50.7	1.6949E-01	 0.25	2.66	1010000000100000	1
2020-09-01T03:15:00.000Z	0.390	0.0100	0.022759	 11.3	54.6	1.4443E-01	 0.29	2.23	1010000000100000	1
2020-09-01T03:15:00.000Z	0.400	0.0100	0.028643	 26.7	46.7	1.8177E-01	 0.31	2.45	1010000000100000	1
2020-09-01T03:15:00.000Z	0.410	0.0100	0.026574	 23.9	51.3	1.6864E-01	 0.32	2.23	1010000000100000	1
2020-09-01T03:15:00.000Z	0.420	0.0100	0.021432	 30.9	41.4	1.3601E-01	-0.08	2.97	1010000000100000	1
2020-09-01T03:15:00.000Z	0.430	0.0100	0.021220	 23.9	43.2	1.3466E-01	-0.28	3.31	1010000000100000	1
2020-09-01T03:15:00.000Z	0.440	0.0100	0.020184	 16.9	47.3	1.2809E-01	 0.35	2.36	1010000000100000	1
2020-09-01T03:15:00.000Z	0.450	0.0100	0.027112	 25.3	40.4	1.7205E-01	-0.10	2.47	1010000000100000	1
2020-09-01T03:15:00.000Z	0.460	0.0100	0.020285	 21.1	46.0	1.2873E-01	-0.85	2.75	1010000000100000	1
2020-09-01T03:15:00.000Z	0.470	0.0100	0.023806	 19.7	40.1	1.5107E-01	-0.18	3.31	1010000000100000	1
2020-09-01T03:15:00.000Z	0.480	0.0100	0.025790	 30.9	36.7	1.6366E-01	 0.07	5.00	1010000000100000	1
2020-09-01T03:15:00.000Z	0.490	0.0100	0.020085	 16.9	47.3	1.2746E-01	 0.09	1.96	1010000000100000	1
2020-09-01T03:15:00.000Z	0.500	0.0100	0.016117	 19.7	46.6	1.0228E-01	 0.09	2.00	1010000000100000	1
2020-09-01T03:15:00.000Z	0.510	0.0100	0.021114	 33.8	39.4	1.3399E-01	-0.84	4.25	1010000000100000	1
2020-09-01T03:15:00.000Z	0.520	0.0100	0.018821	 35.2	43.2	1.1944E-01	-0.03	3.47	1010000000100000	1
2020-09-01T03:15:00.000Z	0.530	0.0100	0.016038	 33.8	45.1	1.0178E-01	-0.17	3.03	1010000000100000	1
2020-09-01T03:15:00.000Z	0.540	0.0100	0.016362	 29.5	45.8	1.0383E-01	-0.28	2.82	1010000000100000	1
2020-09-01T03:15:00.000Z	0.550	0.0100	0.015104	 14.1	43.4	9.5850E-02	 0.06	2.77	1010000000100000	1
2020-09-01T03:15:00.000Z	0.560	0.0100	0.017903	 18.3	38.9	1.1361E-01	 0.70	3.09	1010000000100000	1
2020-09-01T03:15:00.000Z	0.570	0.0100	0.010381	 30.9	39.8	6.5878E-02	-0.88	3.82	1010000000100000	1
2020-09-01T03:15:00.000Z	0.580	0.0100	0.010859	 36.6	40.6	6.8911E-02	-0.72	4.11	1010000000100000	1
2020-09-01T03:46:00.000Z	0.025	0.0050	0.000013	 40.8	52.3	7.1920E-05	-1.22	3.14	1010000000100000	1
2020-09-01T03:46:00.000Z	0.030	0.0050	0.000081	 38.0	52.8	4.5511E-04	-1.13	2.93	1010000000100000	1
2020-09-01T03:46:00.000Z	0.035	0.0050	0.000243	 46.4	57.0	1.3672E-03	-0.24	2.70	1010000000100000	1
2020-09-01T03:46:00.000Z	0.040	0.0050	0.000748	 50.6	55.3	4.2113E-03	 0.04	2.46	1010000000100000	1
2020-09-01T03:46:00.000Z	0.045	0.0050	0.000350	 35.2	68.4	1.9695E-03	 0.12	1.96	1010000000100000	1
2020-09-01T03:46:00.000Z	0.050	0.0050	0.000489	 16.9	51.8	2.7533E-03	-0.35	2.91	1010000000100000	1
2020-09-01T03:46:00.000Z	0.055	0.0050	0.000434	 32.3	69.9	2.4419E-03	-0.40	2.11	1010000000100000	1
2020-09-01T03:46:00.000Z	0.060	0.0050	0.000395	  8.4	67.3	2.2206E-03	 0.00	1.83	1010000000100000	1
2020-09-01T03:46:00.000Z	0.065	0.0050	0.000330	 11.3	64.6	1.8548E-03	 0.28	1.99	1010000000100000	1
2020-09-01T03:46:00.000Z	0.070	0.0050	0.000263	 50.6	52.6	1.4811E-03	 0.81	3.16	1010000000100000	1
2020-09-01T03:46:00.000Z	0.075	0.0050	0.000253	 61.9	52.5	1.4230E-03	 0.67	2.60	1010000000100000	1
2020-09-01T03:46:00.000Z	0.080	0.0050	0.000470	 43.6	56.0	2.6453E-03	 0.29	2.85	1010000000100000	1
2020-09-01T03:46:00.000Z	0.085	0.0050	0.000273	 52.0	69.5	1.5339E-03	 1.05	1.88	1010000000100000	1
2020-09-01T03:46:00.000Z	0.090	0.0050	0.000253	 26.7	58.2	1.4230E-03	-0.79	2.45	1010000000100000	1
2020-09-01T03:46:00.000Z	0.095	0.0050	0.000125	 25.3	54.4	7.0310E-04	-1.60	3.20	1010000000100000	1
2020-09-01T03:46:00.000Z	0.100	0.0075	0.000220	 66.1	64.9	1.2371E-03	 2.31	2.16	1010000000100000	1
2020-09-01T03:46:00.000Z	0.110	0.0100	0.000436	 54.8	65.6	2.4542E-03	 0.97	2.17	1010000000100000	1
2020-09-01T03:46:00.000Z	0.120	0.0100	0.000844	 56.3	57.5	4.7482E-03	 1.93	2.91	1010000000100000	1
2020-09-01T03:46:00.000Z	0.130	0.0100	0.001005	 85.8	63.7	5.6566E-03	 0.29	1.96	1010000000100000	1
2020-09-01T03:46:00.000Z	0.140	0.0100	0.002787	 74.5	53.5	1.5686E-02	 1.95	2.80	1010000000100000	1
2020-09-01T03:46:00.000Z	0.150	0.0100	0.003287	 75.9	52.9	1.8500E-02	 0.84	2.80	1010000000100000	1
2020-09-01T03:46:00.000Z	0.160	0.0100	0.006423	 71.7	48.2	3.6154E-02	 3.41	3.72	1010000000100000	1
2020-09-01T03:46:00.000Z	0.170	0.0100	0.006924	 67.5	38.2	3.8969E-02	 3.18	5.56	1010000000100000	1
2020-09-01T03:46:00.000Z	0.180	0.0100	0.009207	 64.7	37.2	5.1820E-02	 0.41	5.98	1010000000100000	1
2020-09-01T03:46:00.000Z	0.190	0.0100	0.017030	 67.5	28.6	9.5852E-02	 3.40	9.84	1010000000100000	1
2020-09-01T03:46:00.000Z	0.200	0.0100	0.014439	 63.3	35.8	8.1269E-02	 3.00	6.37	1010000000100000	1
2020-09-01T03:46:00.000Z	0.210	0.0100	0.016362	 63.3	41.4	9.2092E-02	 2.72	5.23	1010000000100000	1
2020-09-01T03:46:00.000Z	0.220	0.0100	0.023218	 63.3	36.1	1.3068E-01	 0.23	7.35	1010000000100000	1
2020-09-01T03:46:00.000Z	0.230	0.0100	0.024046	 68.9	42.6	1.3534E-01	 0.23	4.11	1010000000100000	1
2020-09-01T03:46:00.000Z	0.240	0.0100	0.045603	 60.5	36.9	2.5667E-01	-0.71	5.83	1010000000100000	1
2020-09-01T03:46:00.000Z	0.250	0.0100	0.091372	 52.0	34.0	5.1428E-01	-1.67	5.50	1010000000100000	1
2020-09-01T03:46:00.000Z	0.260	0.0100	0.077087	 49.2	37.0	4.3388E-01	-1.87	5.35	1010000000100000	1
2020-09-01T03:46:00.000Z	0.270	0.0100	0.131620	 35.2	40.1	7.4081E-01	-1.49	4.15	1010000000100000	1
2020-09-01T03:46:00.000Z	0.280	0.0100	0.177670	 32.3	30.6	1.0000E+00	-0.76	4.41	1010000000100000	1
2020-09-01T03:46:00.000Z	0.290	0.0100	0.137000	 30.9	35.7	7.7109E-01	-0.54	4.24	1010000000100000	1
2020-09-01T03:46:00.000Z	0.300	0.0100	0.159960	 16.9	45.2	9.0032E-01	-0.39	2.54	1010000000100000	1
2020-09-01T03:46:00.000Z	0.310	0.0100	0.141169	 21.1	41.3	7.9456E-01	-0.47	3.33	1010000000100000	1
2020-09-01T03:46:00.000Z	0.320	0.0100	0.107760	 21.1	36.4	6.0652E-01	-0.37	5.05	1010000000100000	1
2020-09-01T03:46:00.000Z	0.330	0.0100	0.097997	  9.8	36.9	5.5157E-01	 1.56	4.81	1010000000100000	1
2020-09-01T03:46:00.000Z	0.340	0.0100	0.054323	 15.5	44.2	3.0575E-01	 0.00	3.07	1010000000100000	1
2020-09-01T03:46:00.000Z	0.350	0.0100	0.047701	 14.1	45.5	2.6848E-01	-0.14	3.74	1010000000100000	1
2020-09-01T03:46:00.000Z	0.360	0.0100	0.060944	 33.8	37.9	3.4302E-01	-0.36	4.26	1010000000100000	1
2020-09-01T03:46:00.000Z	0.370	0.0100	0.056257	 32.3	41.4	3.1664E-01	-1.00	3.23	1010000000100000	1
2020-09-01T03:46:00.000Z	0.380	0.0100	0.050650	 30.9	42.4	2.8508E-01	-1.11	3.48	1010000000100000	1
2020-09-01T03:46:00.000Z	0.390	0.0100	0.042731	 35.2	39.2	2.4051E-01	-0.25	3.29	1010000000100000	1
2020-09-01T03:46:00.000Z	0.400	0.0100	0.022086	 30.9	54.9	1.2431E-01	-0.34	2.28	1010000000100000	1
2020-09-01T03:46:00.000Z	0.410	0.0100	0.027384	 23.9	48.0	1.5413E-01	-0.29	2.41	1010000000100000	1
2020-09-01T03:46:00.000Z	0.420	0.0100	0.023570	 38.0	46.8	1.3266E-01	-0.08	2.61	1010000000100000	1
2020-09-01T03:46:00.000Z	0.430	0.0100	0.029962	 22.5	41.9	1.6864E-01	 0.51	3.54	1010000000100000	1
2020-09-01T03:46:00.000Z	0.440	0.0100	0.029516	 38.0	36.3	1.6613E-01	-0.58	4.12	1010000000100000	1
2020-09-01T03:46:00.000Z	0.450	0.0100	0.017993	 22.5	41.1	1.0127E-01	-0.12	3.78	1010000000100000	1
2020-09-01T03:46:00.000Z	0.460	0.0100	0.035161	 40.8	34.7	1.9790E-01	-1.10	4.81	1010000000100000	1
2020-09-01T03:46:00.000Z	0.470	0.0100	0.031030	 32.3	36.6	1.7465E-01	-0.62	4.93	1010000000100000	1
2020-09-01T03:46:00.000Z	0.480	0.0100	0.023452	 21.1	35.3	1.3200E-01	-0.54	5.55	1010000000100000	1
2020-09-01T03:46:00.000Z	0.490	0.0100	0.026309	 22.5	40.0	1.4808E-01	 0.36	3.62	1010000000100000	1
2020-09-01T03:46:00.000Z	0.500	0.0100	0.013131	  7.0	46.9	7.3907E-02	 1.15	3.28	1010000000100000	1
2020-09-01T03:46:00.000Z	0.510	0.0100	0.014731	 29.5	50.8	8.2912E-02	 0.50	2.94	1010000000100000	1
2020-09-01T03:46:00.000Z	0.520	0.0100	0.015799	 32.3	48.1	8.8923E-02	 0.29	2.56	1010000000100000	1
2020-09-01T03:46:00.000Z	0.530	0.0100	0.018083	 26.7	41.0	1.0178E-01	 0.00	3.12	1010000000100000	1
2020-09-01T03:46:00.000Z	0.540	0.0100	0.019011	 18.3	45.2	1.0700E-01	 0.21	2.29	1010000000100000	1
2020-09-01T03:46:00.000Z	0.550	0.0100	0.012121	 39.4	44.3	6.8222E-02	-0.50	3.29	1010000000100000	1
2020-09-01T03:46:00.000Z	0.560	0.0100	0.013598	 32.3	43.3	7.6535E-02	-0.24	3.22	1010000000100000	1
2020-09-01T03:46:00.000Z	0.570	0.0100	0.013598	 28.1	41.7	7.6535E-02	 0.57	3.01	1010000000100000	1
2020-09-01T03:46:00.000Z	0.580	0.0100	0.007652	 28.1	45.4	4.3068E-02	-0.58	2.76	1010000000100000	1
